Probe,P1,P2,P3,P4,P5,P6,P7,P8
P1,1,-0.039102074532369,0.00394787260698708,-0.0561302408287813,0.00217843803030702,-0.0936204282642365,-0.0450892935009122,0.0349039212631521
P2,-0.039102074532369,1,-0.00821381907919147,0.0463963020314258,0.0454747324914161,0.020271645809801,-0.0297463596810491,-0.044412116014609
P3,0.00394787260698708,-0.00821381907919147,1,-0.00833129489341983,-0.00949286201574326,0.0346933697667912,-0.033082939670651,-0.0250030506780868
P4,-0.0561302408287813,0.0463963020314258,-0.00833129489341983,1,0.0505842316543132,-0.101558237000812,-0.00790887697889287,0.00498314169684762
P5,0.00217843803030702,0.0454747324914161,-0.00949286201574326,0.0505842316543132,1,0.043256870200187,0.0507905917628222,0.0168207213379676
P6,-0.0936204282642365,0.020271645809801,0.0346933697667912,-0.101558237000812,0.043256870200187,1,0.0277036437218584,-0.0246384322268513
P7,-0.0450892935009122,-0.0297463596810491,-0.033082939670651,-0.00790887697889287,0.0507905917628222,0.0277036437218584,1,4.25129341708131e-05
P8,0.0349039212631521,-0.044412116014609,-0.0250030506780868,0.00498314169684762,0.0168207213379676,-0.0246384322268513,4.25129341708131e-05,1
